Afghanistan,Kabul,
Albania,Tirana,
Algeria,Algiers,
Andorra,Andorra la Vella,
Angola,Luanda,
Antigua and Barbuda,St. John's,
Argentina,Buenos Aires,
Armenia,Yerevan,
Australia,Canberra,Sydney,Melbourne,Brisbane,Perth,Adelaide,Gold Coast,Newcastle
Austria,Vienna,
Azerbaijan,Baku,
Bahamas,Nassau,
Bahrain,Manama,
Bangladesh,Dhaka,
Barbados,Bridgetown,
Belarus,Minsk,
Belgium,Brussels,
Belize,Belmopan,Belize City,San Ignacio
Benin,Porto-Novo,Cotonou
Bhutan,Thimphu,
Bolivia,Sucre,La Paz,Santa Cruz,El Alto
Bosnia and Herzegovina,Sarajevo,
Botswana,Gaborone,
Brazil,Brasília,Sao Paulo City,Rio de Janeiro,Salvador,Sao Paulo City,Rio de Janeiro,Belo Horizonte,Recife,Belem,Porto Alegre,Fortaleza
Brunei,Bandar Seri Begawan,
Bulgaria,Sofia,
Burkina Faso,Ouagadougou,
Burma,Naypyidaw,Yangon,Mandalay.
Burundi,Bujumbura,
Cambodia,Phnom Penh,
Cameroon,Yaounde,Douala
Canada,Ottawa,Toronto,Montreal,Vancouver,Calgary
Cape Verde,Praia,
Central African Republic,Bangui,
Chad,N'Djamena,
Chile,Santiago,Valparaíso,Greater Concepción,Greater Valparaíso
China,Beijing,Shanghai
Colombia,Bogotá,
Comoros,Moroni,
Congo,Kinshasa,Brazzaville,
Costa Rica,San Jose,
Croatia,Zagreb,
Cuba,Havana,
Cyprus,Nicosia,
Czech Republic,Prague,
Denmark,Copenhagen,
Djibouti,Djibouti,
Dominica,Roseau,
Dominican Republic,Santo Domingo,
East Timor,Dili,
Ecuador,Quito,Guayaquil
Egypt,Cairo,
El Salvador,San Salvador,
Equatorial Guinea,Malabo,
Eritrea,Asmara,
Estonia,Tallinn,
Ethiopia,Addis Ababa,
Fiji,Suva,
Finland,Helsinki,
France,Paris,
Gabon,Libreville,
Gambia,Banjul,Serekunda
Georgia,Tbilisi,
Germany,Berlin,
Ghana,Accra,
Greece,Athens,
Grenada,St. George's,
Guatemala,Guatemala City,
Guinea,Conakry,
Guinea-Bissau,Bissau,
Guyana,Georgetown,
Haiti,Port-au-Prince,
Honduras,Tegucigalpa,
Hungary,Budapest,
Iceland,Reykjavík,
India,New Delhi,Delhi,Mumbai,Bombay,Delhi,Bangalore,Hyderabad,Ahmedabad,Chennai
Indonesia,Jakarta,
Iran,Tehran,
Iraq,Baghdad,
Ireland,Dublin,
Israel,Jerusalem,Tel Aviv
Italy,Rome,Milan,Naples
Ivory Coast,Yamoussoukro,Abidjan
Jamaica,Kingston,
Japan,Tokyo,
Jordan,Amman,
Kazakhstan,Astana,Almaty,Shymkent
Kenya,Nairobi,
Kiribati,South Tarawa,
Korea,North,Pyongyang,
Korea,South,Seoul,
Kuwait,Kuwait City,
Kyrgyzstan,Bishkek,
Laos,Vientiane,
Latvia,Riga,
Lebanon,Beirut,
Lesotho,Maseru,
Liberia,Monrovia,
Libya,Tripoli,
Liechtenstein,Vaduz,Schaan
Lithuania,Vilnius,
Luxembourg,Luxembourg,
Macedonia,Skopje,
Madagascar,Antananarivo,
Malawi,Lilongwe,
Malaysia,Kuala Lumpur,Kuala Lumpur
Maldives,Male,
Mali,Bamako,
Malta,Valletta,
Marshall Islands,Majuro,
Mauritania,Nouakchott,
Mauritius,Port Louis,
Mexico,Mexico City,
Micronesia,Palikir,Weno
Moldova,Chișinău,
Monaco,Monaco,
Mongolia,Ulan Bator,
Montenegro,Podgorica,
Morocco,Rabat,Casablanca
Mozambique,Maputo,
Namibia,Windhoek,
Nepal,Kathmandu,
Netherlands,Amsterdam
The Hague,Rotterdam
New Zealand,Wellington,Auckland,Christchurch
Nicaragua,Managua,
Niger,Niamey,
Nigeria,Abuja,Lagos,Ibadan,Kano,Ilorin,Port Harcourt,Ogbomosho
Norway,Oslo,
Oman,Muscat,
Pakistan,Islamabad,Karachi,Lahore,Faisalabad,Rawalpindi,Gujranwala,Multan,Hyderabad,Peshawar,Quetta
Palau,Ngerulmud,Koror,Meyuns,Airai
Palestine,Jerusalem
Ramallah,Gaza City,Hebron
Panama,Panama City,
Papua New Guinea,Port Moresby,
Paraguay,Asunción,
Peru,Lima,
Philippines,Manila,Quezon City
Poland,Warsaw,Katowice
Portugal,Lisbon,
Qatar,Doha,
Romania,Bucharest,
Russia,Moscow,
Rwanda,Kigali,
Saint Kitts and Nevis,Basseterre,
Saint Lucia,Castries,
Saint Vincent and the Grenadines,Kingstown,
Samoa,Apia,
San Marino,San Marino,Serravalle,Borgo Maggiore
São Tome and Príncipe,São Tome,
Saudi Arabia,Riyadh,
Senegal,Dakar,
Serbia,Belgrade,
Seychelles,Victoria,
Sierra Leone,Freetown,
Singapore,Singapore,
Slovakia,Bratislava,
Slovenia,Ljubljana,
Solomon Islands,Honiara,
Somalia,Mogadishu,
South Africa,Pretoria,Cape Town,Bloemfontein,Johannesburg
South Sudan,Juba,
Spain,Madrid,
Sri Lanka,Sri Jayawardenepura Kotte
Sudan,Khartoum,Omdurman
Suriname,Paramaribo,
Swaziland,Mbabane,Lobamba,Manzini
Sweden,Stockholm,
Switzerland,Bern,Zurich,Geneva,Basel,Lausanne
Syria,Damascus,Aleppo
Tajikistan,Dushanbe,
Tanzania,Dodoma,Dar es Salaam,Mwanza
Thailand,Bangkok,
Togo,Lome,
Tonga,Nukuʻalofa,
Trinidad and Tobago,Port of Spain,Chaguanas,San Fernando,San Juan
Tunisia,Tunis,
Turkey,Ankara,Istanbul
Turkmenistan,Ashgabat,
Tuvalu,Funafuti,
Uganda,Kampala,
Ukraine,Kiev,
United Arab Emirates,Abu Dhabi,Dubai
United Kingdom,London,
United States,Washington,D.C.,New York City,Los Angeles,Chicago,Houston,Philadelphia,Phoenix,San Antonio,San Diego,Dallas,San Jose,Austin,Jacksonville,Indianapolis,San Francisco,Columbus,Fort Worth,Charlotte,Detroit,El Paso,Memphis,Boston,Seattle,Denver
Uruguay,Montevideo,
Uzbekistan,Tashkent,
Vanuatu,Port Vila,
Vatican City,Vatican City,
Venezuela,Caracas,
Vietnam,Hanoi,Ho Chi Minh City
Yemen,Sana'a,
Zambia,Lusaka,
Zimbabwe,Harare,